Stufe;Prüfungs-Satz;Frage;Antwort 1;Antwort 2;Antwort 3
Blau;Satz A;Wie heißt die Hauptstadt von Deutschland? ;Berlin*;Bonn;Saarbrücken
Blau;Satz A;Wer steht an der Spitze der Bundesanstalt Technisches Hilfswerk? ;Der_die Bundesminister_in des Inneren und für Heimat ;Der_die Präsident_in*;Der_die Landesbeauftragte
Blau;Satz A;Wozu benutze ich einen Schraubendreher? ;Um den Kakao umzurühren;Zum Messen;Um eine Schraube rein oder raus zu drehen*
Blau;Satz A;Was sind Teile einer Leiter? ;Holm und Sprosse*;Sattel und Stiefel;Bleisift und Lineal
Blau;Satz A;Wie lang ist eine Arbeitsleine (nach StAN)? ;6,5m/15,0m;12,0m/25,0n;10,0m/20,0m*
Blau;Satz A;Wie heißt die Notrufnummer europaweit? ;112*;110;815
Blau;Satz A;Welches Abzeichen gibt es in der THW-Jugend? ;Seepferdchen;Leistungspange ;Leistungsabzeichen*
Blau;Satz A;Welche Stufen des Leistungsabzeichens der THW-Jugend gibt es? ;Orange, Blau, Bronze, Silber, Gold*;1,2,3;Schwarz, Rot, Gold
Blau;Satz B;Wie viele Bundesländer gibt es? ;16*;18;7
Blau;Satz B;Welche Farben hat die Deutschland-Fahne? ;Rot, Weiß, Blau;Schwarz, Rot, Gold*;Orange, Weiß, Blau
Blau;Satz B;Wer ist zu allgemeinen Hilfeleistungen verpflichtet? ;Ausschließlich die Feuerwehren;Alle*;Ausschließlich ausgebildete Helfer_innen
Blau;Satz B;Was ist ein THW-Fahrzeug? ;GKW*;RTW;TLF
Blau;Satz B;Was sind weitere Hilfsorganisationen? ;Pfadfinder und Ruderclub;DRK und Feuerwehr*;Tennisclub und Naturschutzbund
Blau;Satz B;Wer leitet die Jugendgruppen im Ortsverband? ;Der_die Ortsjugendbeauftragte und Ortsjugendleiter_in*;Der_die Ortsbeauftragte;Der_die Ausbildungsbeauftragte
Blau;Satz B;Welches Gerät wird mit Strom betrieben? ;Feuerzeug;Lampe*;GKW
Blau;Satz B;Wie Lang ist eine Arbeitsleine (nach StAN)?;6,5 m/15,0 m;12,0 m/25,0 m;10,0 m/20,0 m*
Blau ;Satz C;Wie viele Bundesländer gibt es? ;16*;18;7
Blau;Satz C;Wer steht an der Spitze der Bundesanstalt Technisches Hilfswerk? ;Der_die Bundesminster_in des Innern und für Heimat;Der_die Präsident_in*;Der_die Landesbeauftragte
Blau;Satz C;Ab welchem Alter darf ich in die THW-Jugend? ;18 Jahre;6 Jahre*;9 Jahre
Blau;Satz C;Wo muss ich bei einem Feueralarm hin? ;Auf den Spielplatz;Zum Nachbarn;Zum Sammelplatz*
Blau;Satz C;Was muss ich vor dem Essen durchführen? ;Hände waschen*;Nase putzen;Mama anrufen
Blau;Satz C;Wer leitet die Ortsjugend? ;Der_die Ortsjugendleiter_in*;Der_die Jugendbetreuer_in;Der_die Ortsbeauftragte
Blau;Satz C;Wie viele Zähne hat das THW-Zahnrad? ;8;16;12*
Blau;Satz C;Wozu benutze ich einen Schraubendreher? ;Um den Kakao umzurühren;Zum Messen;Um eine Schraube rein oder raus zu drehen*
Bronze;Satz A;In wie viele Landesverbände ist die Bundesanstalt THW gegliedert? ;11;8*;16
Bronze;Satz A;Welche Einheiten werden vom THW gestellt? ;Sanitätszüge;Bergungszüge;Technische Züge*
Bronze;Satz A;Wie muss ich mich im Einsatz bei Kälte verhalten? ;Multifunktionalen Einsatzanzug mit Fleecejacke tragen*;Glühwein trinken;Warme, alkoholfreie Getränke trinken*
Bronze;Satz A;Wozu dürfen Sicherheitsseile eingesetzt werden? ;Zur Absturzsicherung bei Verwendung eines mitlaufenden Auffanggerätes*;Zum Ablassen und Hochziehen von Personen*;Zum Anschlagen von Lasten
Bronze;Satz A;Wie viel Grad Neigung soll der Anstellwinkel von Leitern betragen? ;Ca. 45° - 55°;Ca. 65° - 75°*;Ca. 90°
Bronze;Satz A;Was ist beim Rückbau einer Flutlichtleuchte mit Stativ zu beachten? ;Leuchtmittel muss abkühlen*;Spannungsfreiheit herstellen*;"Sicherungsautomat auf Stellung ""Aus"" stellen"
Bronze;Satz A;"Welches Material darf als ""Hebeldrehpunkt"" nicht verwendet werden? ";Ziegelsteine*;Hohlblocksteine*;Holz
Bronze;Satz A;Welche Schutzbekleidung muss man am/auf dem Wasser nutzen? ;Nässeschutz, Gummistiefel;THW-Rettungsweste, Helm mit geschlossenem Kinnriemen (bei Bedarf)*;Schwimmweste, Rettungsleine
Bronze;Satz A;Welches Löschmittel darf nicht für brennende Öle/Fette verwendet werden? ;ABC-Löschpulver;Wasser*;Kohlendioxidlöscher
Bronze;Satz A;Wie müssen akute Gefahrenquellen (z. B. Stolperfallen) behandelt werden? ;Nicht beachten;Kennzeichnen, sichern und – wenn möglich – sofort beseitigen*;Dem_der unmittelbaren Vorgesetzten melden*
Bronze;Satz A;Wo ist die Ausbildung der Junghelfer_innen geregelt? ;Handbuch des THW, Sonderteil 35b;Leitfaden für die Ausbildung der Junghelfer_innen im THW*;THW-Jugend-Helferrechtsgesetz (THWJHeRG)
Bronze;Satz A;Wann hat ein_e Junghelfer_in einer Anweisung nicht Folge zu leisten? ;Wenn er_sie keine Lust hat;Bei einem Verstoß gegen die Menschenwürde*;Wenn es gesetzeswidrig ist*
Bronze;Satz B;Wer vertritt die Interessen der Helfer gegenüber dem Ortsbeauftragten? ;Der_die Beauftragte für Öffentlichkeitsarbeit;Der_die Verwaltungsbeauftragte;Der_die Helfersprecher_in*
Bronze;Satz B;Wer leitet in der Einsatzorganisation des THW-Ortsverbandes die Jugendgruppen?;Ortsjugendbeauftragte_r*;Ortsbeauftragte_r;Ausbildungsbeauftragte_r
Bronze;Satz B;Wie muss ich mich bei einem Einsatz mit Regen verhalten? ;Wenn die Kleidung durchnässt ist, trockene Kleidung anziehen*;Nasse Kleidung nicht am Körper trocknen lassen (Erkältungsgefahr)*;Pausen in trockenen Räumen abhalten und nasse Einsatzbekleidung trocknen*
Bronze;Satz B;Wozu dürfen Arbeitsleinen eingesetzt werden?;Zur Absturzsicherung;Zum Ablassen und Hochziehen von Personen;Zum Absperren oder Anschlagen von Lasten*
Bronze;Satz B;Wie werden nasse Leinen und Seile nach ihrem Einsatz behandelt? ;Aufschießen und auf die Heizung legen;Aufhängen und an der Luft trocknen*;Aufhängen und in der Sonne trocknen
Bronze;Satz B;Wohin greifen die Hände beim Besteigen von Leitern?;Um die Sprossen*;Um die Holme;Um die Sprossen oder um die Holme
Bronze;Satz B;Welche der aufgeführten Werkzeuge sind Holzbearbeitungswerkzeuge?;Zugmesser*;Spitzmeißel;Stangen-Schlangenbohrer*
Bronze;Satz B;Wie viele Personen dürfen unter einer schwebenden Last stehen? ;Eine Person;Nur Führungskräfte;Keine Personen*
Bronze ;Satz B;Welche Maßnahmen sind beim Auslaufen unbekannter Flüssigkeiten zu ergreifen?;Flüssigkeit schnellstmöglich aufwischen;Umstehende warnen*;Sofortige Meldung an die zuständige Führungskraft*
Bronze;Satz B;Wie können verletzte Personen Transportiert werden?;Mit der Krankentrage*;Mit behelfsmäßigen Tragen*;Mit zwei Einsatzkräften auch ohne Hilfsmittel*
Bronze;Satz B;Wie viele landesjugenden gibt es?;8;16;13*
Bronze;Satz B;Wer wählt den_die Bundespräsident_in?;Alle Bürger_innen;Die Bundesversammlung*;Der Bundestag
Bronze ;Satz C;Welche Stufen des Leistungsabzeichens der THW-Jugend gibt es? ;Orange, Blau, Bronze, Silber, Gold*;1, 2, 3, 4, 5;Schwarz, Rot, Gold, Blau, Weiß
Bronze;Satz C;Wie hat sich ein Helfer über den Dienstplan zu informieren? ;Er_sie kann warten, bis er ihm_ihr zugeschickt wird;Er_sie muss sich selbst informieren*;Es gibt keinen festen Dienstplan
Bronze;Satz C;Welche Leinen/Seile dürfen zum Sichern von Personen verwendet werden? ;Sicherheitsseile*;Arbeitsleinen;Jede Naturfaserleine
Bronze;Satz C;Mit welchem Stich/Bund wird eine Last angeschlagen? ;Einfacher/doppelter Ankerstich*;Mastwurf*;Bockschnürbund
Bronze ;Satz C;Dürfen Steckleitern zum Überwinden von Gräben und Spalten eingesetzt werden?;Ja*;Nein;Nur kurzfristig
Bronze;Satz C;Worauf musst du beim Umgang mit Holzbearbeitungsgeräten achten?;Auf festen Sitz der Stiele*;Auf ausreichende Schneidfähigkeit*;Auf ausreichenden Sicherheitsabstand zum_zur nächsten Helfer_in*
Bronze;Satz C;Was ist beim Durchschreiten unbekannter Gewässer als erste maßnahme zu tun?;Übergangsstelle kennzeichnen;Beschaffenheit der Übergangsstelle feststellen (Tiefen loten);Erkundende Helfer_innen sichern*
Bronze;Satz C;Was ist sofort zu tun wenn ausströmendes Gas vermutet wird?;Windrichtung beachten*;Gaskonzentration messen;Meldung an die Führungskraft*
Bronze;Satz C;Was ist mit einem Helfer zu tun, der infolge des Dienstgeschehens akute Belastungsreaktionen zeigt?;Er_sie ist auf die Versorgungsangebote der Einsatznachsorge hinzuweisen. Unterstützung, wie z. B. das Anbieten eines Einsatznachsorgegespräches, ist zu veranlassen.*;Man sollte ihn_sie alleine mit seinen_ihren möglichen Problemen lassen;Alle Helfer_innen der Gruppe informieren
Bronze;Satz C;Wann wurde die THW-Jugend e.V. gegründet? ;1994;1984*;1953
Bronze ;Satz C;Ist ein_e Junghelfer_in auf dem Weg zum Dienst versichert?;Ja*;Nein;Nur, wenn er_sie Jugendbekleidung trägt
Bronze;Satz C;Wo sind die Grundrechte der Bürger_innen der BundesrepublikDeutschland geregelt?;Im Strafgesetzbuch (StGB);Im Grundgesetz (GG)*;Im Grundbuch (GB)
Bronze ;Satz D;Wie wird die Anwesenheit des Helfers bei Dienstveranstaltungen in der Regel erfasst?;Durch Eintrag ins Dienstbuch;Durch Eintrag in die Personalakte;Durch elektronische Erfassung*
Bronze;Satz D;Welche persönliche Schutzausstattung ist immer mitzuführen? ;Helm, Sicherheitsstiefel, THW Einsatzhandschuhe, Multifunktionaler Einsatzschutzanzug*;Helm, Multifunktionaler Einsatzschutzanzug, Schutzbrille;Helm, Sicherheitsstiefel, Lederschürze, Multifunktionaler Einsatzschutzanzug
Bronze;Satz D;Wer kann für Vergehen im Umgang mit Gefahrstoffen zur Verantwortung gezogen werden (z. B. Bußgeld)?;Alle Helfer_innen*;Nur der_die Präsident_in des THW;Nur der_die Auftraggeber_in
Bronze;Satz D;Worauf ist zu achten, wenn Leinen und Seile über Kanten geführt werden müssen?;Auf Gleitschutz;Auf Kantenschutz*;Auf Leinen-/Seilschutz*
Bronze ;Satz D;Wie groß muss der Sicherheitsabstand bei unter Zug stehenden Drahtseilen mindestens sein?;Halbe Seillänge;Eineinhalbfache Seillänge*;Zweifache Seillänge
Bronze;Satz D;Auf welche Netzspannung sind die Flutlichtleuchten ausgelegt?;12 Volt;24 Volt;230 Volt*
Bronze ;Satz D;Wie wird eine Bauklammer in Holz geschlagen?;Durch wechselseitige Schläge über den rechtwinklig abgebogenen Spitzen*;Durch Schläge auf die Mitte des Flach- oder Rundstahls;Durch wechselseitige Schläge auf die Mitte und die rechtwinklig abgebogenen Spitzen
Bronze ;Satz D;Wie weit soll ein Sandsack nach dem Verschließen gefüllt sein?;Zu ca. 50 %;Zu ca. 66 %*;Zu ca. 100 %
Bronze ;Satz D;Wie hast du dich als Helfer_in vor, während und nach der Fahrt mit Einsatzfahrzeugen zu verhalten?;Helm nicht in der Hand halten*;Bei Halt des Einsatzfahrzeuges dieses sofort verlassen;Auf- und Absitzen nur auf Anweisung*
Bronze ;Satz D;Wie kann sich ein_e Helfer_in vor Gefahrenquellen im Einsatz schützen?;Persönliche Schutzbekleidung vorschriftsmäßig tragen*;Unfallverhütungsvorschriften beachten*;Nach eigenen Vorstellungen handeln
Bronze;Satz D;Wer leitet die Bundesjugend? ;Der_die Präsident_in;Der_die Bundesjugendleiter_in*;Der_die Bundesjugendsekretär_in
Bronze;Satz D;Wie viele Bundesländer gibt es?;16*;18;7
Bronze;Satz E;Wann wurde das THW gegründet? ;1949;1950*;1956
Bronze;Satz E;Wer leitet den Ortsverband? ;Der_die Leiter_in der Regionalstelle;Der_die Ortsbeauftragte*;Der_die Zugführer_in
Bronze;Satz E;Wie muss ich mich im Einsatz bei Hitze verhalten?;Viel trinken*;Pause in der Sonne;Pause im Schatten*
Bronze;Satz E;Woran ist ein Sicherheitsseil eindeutig zu erkennen?;"An der Farbe ""Grün""";An den Angaben des Herstelleretikettes*;Am Durchmesser
Bronze ;Satz E;Was ist beim Nachtanken eines tragbaren Stromerzeugers (ohne Fremdbetankungsgerät) zu beachten?;Motor muss abgestellt sein*;Motor kann laufen;Benzinhahn muss geschlossen sein*
Bronze;Satz E ;Mit welchem Werkzeug werden Blechkanten und Rohre entgratet?;Mit der Feile*;Mit dem Meißel;Mit der Handblechschere
Bronze;Satz E;Wie muss beim Anlegen von Sandsackdämmen die unterste Lage Sandsäcke (zugebunden) gepackt werden?;Quer zur Wasserseite;Mit der Einfüllöffnung zur Wasserseite;Mit dem Sackboden zur Wasserseite*
Bronze;Satz E;Wer ist verpflichtet zu melden?;Nur der_die Zugführer_in;Nur der_die Gruppenführer_in;Jede Einsatzkraft*
Bronze;Satz E;"Was bedeutet die Abkürzung ""e.V.""? ";Evangelischer Verein;Eingeschränkter Verein;Eingetragener Verein*
Bronze;Satz E;Was ist zu tun, wenn sich ein_e Junghelfer_in verletzt?;Keine Maßnahmen erforderlich;Meldung an Gruppenleiter_in*;Erste Hilfe leisten*
Bronze;Satz E;Darf ein_e Junghelfer_in am unmittelbaren Einsatzgeschehen teilnehmen?;Nein*;Ja, aber nur mit Betreuer_in;Wenn er_sie es sich selbst zutraut
Bronze;Satz E;In welchem Bundesland liegt die Bundeshauptstadt?;Niedersachsen;Berlin*;Thüringen
Silber;Satz A;Wer leitet deinen Landesverband? ;Der_die Landessprecher_in;Der Landesausschuss;Der_die Landesbeauftragte*
Silber;Satz A;Wer vertritt die Interessen der Helfer_innenschaft gegenüber dem_der Ortsbeauftragten?;Der_die Beauftragte für Öffentlichkeitsarbeit;Der_die Verwaltungsbeauftragte;Der_die Helfersprecher_in*
Silber;Satz A;Wozu bist du verpflichtet, um deine Erreichbarkeit zu gewährleisten?;Jeden Wohnungswechsel anzuzeigen*;Telefonische Erreichbarkeiten (privat und beruflich) anzuzeigen*;Nicht in Urlaub zu fahren
Silber;Satz A;Wofür steht die Abkürzung StAn? ;Ständige Ausstattungsnachweisung;Stärke- und Ausstattungsnachweisung*;Standard-Ausstattungsnachweisung
Silber;Satz A;In welcher Fachgruppe gibt es Baumaschinen?;Räumen*;Elektroversorgung;Wassergefahren
Silber;Satz A;Wo können THW-Angehörige mit Gefahrstoffen in Berührung kommen?;Zu Hause;Im Einsatz*;Im Ortsverband*
Silber;Satz A;Welche Impfungen müssen für die Einsatzbefähigung nachgewiesen werden? ;Tetanus*;Tollwut;Hepatitis A und B*
Silber;Satz A;Wozu dienen Bandschlingen?;Zum Retten von Personen*;Zum Anschlagen von Lasten*;Zur Ladungssicherung
Silber;Satz A;Welche Arten von Leitersicherungen können angewandt werden?;Nur Fußpunktsicherung;Nur Kopfpunktsicherung;Fuß- und/oder Kopfpunktsicherung*
Silber;Satz A;Was ist beim Nachtanken eines tragbaren Stromerzeugers (ohne Fremdbetankungsgerät) zu beachten?;Motor muss abgestellt sein*;Motor kann laufen;Benzinhahn muss geschlossen sein*
Silber;Satz A;Was ist beim Aufbau einer Flutlichtleuchte mit Stativ zu beachten?;Möglichst blendfrei aufstellen*;Sicheren Stand des Stativs herstellen*;Leitung stolperfrei verlegen*
Silber;Satz A;Mit welchem Werkzeug werden Blechkanten und Rohre entgratet?;Mit der Feile*;Mit dem Meißel;Mit der Handblechschere
Silber;Satz A;Über welche Druck-, Kraft-, Hebezeuge verfügt die Bergungsgruppe?;Brechstange*;Hebe-/Pressgerät, hydraulisch*;Hebekissen*
Silber;Satz A;Was ist nach dem Abscheren der Scherstifte beim Zuggerät zu tun?;Das Gerät kann nicht repariert werden;Die Scherstifte sind auszutauschen*;Das Gerät an den Hersteller einschicken
Silber;Satz A;Welche Sicherheitsmaßnahmen sind beim Arbeiten mit Hebekissen zu ergreifen?;Last gegen Wegrutschen sichern*;Last bei fortschreitendem Hub laufend unterbauen*;Hebekissen nicht an scharfen Kanten ansetzen*
Silber;Satz A;Zwei Helfer_innen haben den Auftrag, ein langes Rohr quer durch ein unbekanntes fließendes Gewässer zu tragen. Wie ist die Last zu tragen?;Das Tragen von Lasten durch unbekanntes fließendes Gewässer ist verboten;Nach Oberstrom;Nach Unterstrom*
Silber;Satz A;Wie sind Tauchpumpen im Betrieb zu sichern?;Mit einer Arbeitsleine (lang) durch einfachen Ankerstich am Tragebügel/Gehäuse und einen Festpunkt an Land*;Schlauch und Stromkabel reichen als Sicherung aus;Eine Sicherung ist nicht erforderlich
Silber;Satz A;Welcher Mindestabstand ist vom Punkt der Bodenberührung einer abgerissenen Hochspannungsleitung zu halten?;15,00 m;20,00 m*;3,00 m
Silber;Satz A;Wer ist verpflichtet zu melden?;Nur der_die Zugführer_in;Nur der_die Gruppenführer_in;Jede Einsatzkraft*
Silber;Satz A;Wer muss über die Gefahren, die aus einem Einsatz entstehen können, informiert sein?;Nur der_die Auftraggeber_in;Nur der_die Einheitsführer_in;alle Einsatzbeteiligten*
Silber;Satz A;Wer darf eine_n Helfer_in in den Einsatz entsenden?;Der_die Ortsbeauftragte*;Der_die Helfer_in selbst;Der_die Landessprecher_in
Silber;Satz A ;Wie können verletzte Personen transportiert werden?;Mit der Krankentrage*;Mit behelfsmäßigen Tragen*;Mit zwei Einsatzkräften auch ohne Hilfsmittel*
Silber;Satz A ;Wer leitet die Ortsjugend?;Der_die Ortsjugendleiter_in*;Der_die Jugendbetreuer_in;Der_die Ortsbeauftragte
Silber;Satz A;In welchem Bundesland liegt die Bundeshauptstadt?;Niedersachsen;Berlin*;Thüringen
Silber;Satz A;"Wann ist die ""Mauer"" gefallen?";09.11.1989*;03.10.1990;03.10.1989
Silber;Satz B;Welchem Bundesministerium ist das THW unterstellt? ;Der_die Bundesminister_in des Innern und für Heimat*;Bundesministerium der Verteidigung;Bundesministerium für Bildung und Forschung
Silber;Satz B;Welche Einheiten werden vom THW gestellt?;Sanitätszüge;Bergungszüge;Technische Züge*
Silber;Satz B;Dürfen durch die Mitwirkung berufliche/schulische Nachteile entstehen? ;Ja;Nein*;Ja, in geringerem Umfang
Silber;Satz B;Welche (Teil-) Einheiten des Technischen Zuges sind mit Umluft unabhängigen Atemschutzgeräten ausgestattet?;Fachgruppe Ortung;Fachgruppe Wassergefahren;Bergungsgruppe*
Silber;Satz B;Was ist bei einem Unfall mit Gefahrstoffen zu beachten?;Möglichst großen Abstand zum Unfallort halten, alle Zündquellen fernhalten (Motor abstellen, Rauchverbot, etc.) und die Straße sichern (Warnschilder aufstellen), Straßenbenutzer_innen sowie Anwohnende warnen*;Verunfallte aus dem gefährlichen Bereich bringen (Schutzmaßnahmen unbedingt beachten – Eigenschutz!)*;Es müssen keine Schutzmaßnahmen getroffen werden
Silber;Satz B;Welche Aufgaben hat der_die Sicherheitsbeauftragte in deinem Ortsverband?;Berater_in in Fragen der Arbeitssicherheit und Unfallverhütung*;Verantwortlich für Arbeitssicherheit und Unfallverhütung;Verantwortlich für die Erstellung der Dienst- und Ausbildungspläne
Silber;Satz B;Wozu dürfen Spanngurte verwendet werden?;Zum Retten von Personen;Zur Ladungssicherung*;Zum Anschlagen von Lasten
Silber;Satz B;Wozu darf die Kombinationsleiter eingesetzt werden?;Zum Überwinden von Gräben;Zum längerfristigen Arbeiten in großen Höhen;Zum Besteigen von Objekten*
Silber;Satz B;Mit welcher Leistung darf der tragbare Stromerzeuger in der Regel maximal belastet werden?;100 % der Nennleistung;80 % der Nennleistung*;30 % der Nennleistung
Silber;Satz B;Was ist beim Rückbau einer Flutlichtleuchte mit Stativ zu beachten?;Leuchtmittel muss abkühlen*;Spannungsfreiheit herstellen*;"Sicherungsautomat auf Stellung ""Aus"" stellen"
Silber;Satz B;Wie lang soll die Spitze eines Holzpfahles sein?;Ca. einfacher Durchmesser des Pfahles;Ca. zweifacher Durchmesser des Pfahles*;Ca. dreifacher Durchmesser des Pfahles
Silber;Satz B;"Welche Gefahr entsteht durch einen ""Bart"" am Meißelkopf?";Abrutschen des Hammers;Verletzungen durch Absplittern des Bartes*;Bruch des Meißels
Silber;Satz B;An welchem Druck-, Kraft-, Hebezeug kann ein Schnellstopp durchgeführt werden?;Am Hebekissen;Am Zuggerät;Am Hebe-/Pressgerät, hydraulisch*
Silber;Satz B;Wie viele Hebekissen des Hebekissensatzes der Bergungsgruppe dürfen beim Anheben einer Last übereinander gelegt werden?;2 Hebekissen*;4 Hebekissen;Beliebig viele
Silber;Satz B;Wie viele Personen dürfen gleichzeitig unter einer schwebenden Last stehen?;Eine Person;Nur Führungskräfte;Keine Personen*
Silber;Satz B;Wie muss ein_e am oder im Wasser arbeitende_r Helfer_in korrekt gesichert werden?;Mit Schnürbund;Mit Schwimmhilfe;Mit Sicherungsseil und THW Rettungsweste*
Silber;Satz B;Welche Füllmenge Sand ist bei einem Sandsack mit den Maßen: Höhe = 60 cm/Breite = 40 cm zu verwenden?;75%;2/3 des Volumens;Ca. 12 kg*
Silber;Satz B;Was ist sofort zu tun, wenn ausströmendes Gas vermutet wird?;Windrichtung beachten*;Gaskonzentration messen;Meldung an die Führungskraft*
Silber;Satz B;Was ist im Einsatz bei der Verpflegung unbedingt zu beachten?;Vor dem Essen Hände waschen*;Selbst mitgebrachtes Essen darf nicht verzehrt werden;Essen und Trinken nur in dafür ausgewiesenen Bereichen*
Silber;Satz B;Wie müssen akute Gefahrenquellen, z. B. eine Stolperfalle, behandelt werden?;Nicht beachten;Kennzeichnen, sichern und – wenn möglich – sofort beseitigen*;Dem_der unmittelbaren Vorgesetzten melden*
Silber;Satz B;Wie kann sich ein_e Helfer_in vor Gefahrenquellen im Einsatz schützen?;Persönliche Schutzbekleidung vorschriftsmäßig tragen*;Unfallverhütungsvorschriften beachten*;Nach eigenen Vorstellungen handeln
Silber;Satz B;Was gehört unter anderem zu einer Erkundung?;Ständiges Beobachten der Schadenslage und des Umfeldes*;Ständige Meldungen (beispielsweise des Erkundungstrupps) an den_die Vorgesetzte_n – Lageänderungen sofort melden*;Befragen von Personen*
Silber;Satz B;Wer leitet die Landesjugend?;Der_die Landesbeauftragte;Der_die Landesjugendleiter_in*;Der_die Landessprecher_in
Silber;Satz B;Wie viele Bundesländer gibt es?;16*;18;7
Silber;Satz B;Welches ist flächenmäßig das größte Bundesland?;Bayern*;Nordrhein-Westfalen;Niedersachsen
Silber;Satz C;Wer steht an der Spitze der Bundesanstalt Technisches Hilfswerk?;Der_die Bundesminister_in des Innern und für Heimat;Der_die Präsident_in*;Der_die Landesbeauftragte
Silber;Satz C;In wie viele Landesverbände ist die Bundesanstalt THW gegliedert?;11;8*;16
Silber;Satz C;Besteht während des Dienstes eine gesetzliche Unfallversicherung? ;Nein, es besteht Versicherungsschutz über seine_ihre Krankenkasse;Ja, über das Sozialgesetzbuch VII (SGB VII)*;Nein, er_sie muss zusätzlich eine private Versicherung abschließen
Silber;Satz C;Wie hat sich ein_e Helfer_in über den Dienstplan zu informieren?;Er_sie kann warten, bis er ihm_ihr zugeschickt wird;Er_sie muss sich selbst informieren*;Es gibt keinen festen Dienstplan
Silber;Satz C;Welche Aufgaben kann eine örtliche THW-Helfervereinigung haben? ;Förderung der THW-Jugend*;Unterstützung bei der Beschaffung fehlender Gerätschaften*;Förderung der Kameradschaft*
Silber;Satz C;Wer ist für die Bereitstellung der Arbeitsschutzkleidung verantwortlich?;Jede_r Helfer_in selbst;Das THW*;Die Fachgruppe Logistik
Silber;Satz C;Wer kann für Vergehen im Umgang mit Gefahrstoffen zur Verantwortung gezogen werden (z. B. Bußgeld)?;Alle THW-Angehörigen*;Nur der_die Präsident_in des THW;Nur der_die Auftraggeber_in
Silber;Satz C;Wie lang muss nach Fertigstellung einer Leinenverbindung das Leinenende noch überstehen?;Mindestens 5 x Leinendurchmesser;Mindestens 10 x Leinendurchmesser*;Mindestens 30 x Leinendurchmesser
Silber;Satz C;Dürfen Steckleitern zum Überwinden von Gräben und Spalten eingesetzt werden?;Ja;Nein*;Nur kurzfristig
Silber;Satz C;Wie wird der tragbare Stromerzeuger gestartet?;Durch Seilzug*;Durch Anlasser*;Durch Fremdstarten
Silber;Satz C;Wie groß darf die maximale Länge einer Leitung an tragbaren Stromerzeugern sein?;200 m;300 m;100 m*
Silber;Satz C;An welchem Ende eines Holzpfahles erfolgt das Anspitzen?;Am Zopfende;Am Stammende*;Am Stamm- oder Zopfende
Silber;Satz C;Welche Werkzeuge können zum Anfertigen eines Mauerdurchbruchs von Hand benutzt werden?;Klöpfel und Stechbeitel;Fäustel und Flach- oder Spitzsteinmeißel*;Stangen-Schlangenbohrer
Silber;Satz C;Was ist beim Anheben von Lasten zu beachten?;Seilhaken nach dem Anschlagen der Last sichern*;Mit den Händen nicht unter die Last greifen*;Ständiges Beobachten der anzuhebenden Last*
Silber;Satz C;Welche Zugkraft hat das Zuggerät der Bergungsgruppe im direkten Zug?;15/16 kN*;20/25 kN;60/70 kN
Silber;Satz C;"Was ist ausschlaggebend für die Bezeichnung ""linkes Ufer"" und ""rechtes Ufer""?";Die Stromrichtung*;Der eigene Standort;Die Himmelsrichtung
Silber;Satz C;Welche Schutzbekleidung muss ein_e Helfer_in am oder auf dem Wasser nutzen?;Nässeschutz, Gummistiefel;THW-Rettungsweste, Helm mit geschlossenem Kinnriemen (bei Bedarf)*;Schwimmweste, Rettungsleine
Silber;Satz C;Wie hast du dich als Helfer_in vor, während und nach der Fahrt mit Einsatzfahrzeugen zu verhalten?;Helm nicht in der Hand halten*;Bei Halt des Einsatzfahrzeuges dieses sofort verlassen;Auf- und Absitzen nur auf Anweisung*
Silber;Satz C;Was ist beim Einsatz im ungesicherten Verkehrsraum zu beachten?;Warnweste tragen*;Einsatzstelle nach Weisung absichern*;Auf den fließenden Verkehr achten*
Silber;Satz C;Wer kann mir im Einsatz einen Befehl erteilen?;Der_die Polizist_in;Mein_e direkte_r Vorgesetzte_r*;Der_die Leiter_in der Regionalstelle
Silber;Satz C;Wann muss ich meine Dienstunfähigkeit melden?;Wenn ich Drogen oder Alkohol konsumiert habe*;Wenn ich Medikamente eingenommen habe, die mich einschränken könnten*;Wenn eine Arbeitsunfähigkeit ärztlich attestiert wurde*
Silber;Satz C;Wer leitet die Bundesjugend?;Der_die Präsident_in;Der_die Bundesjugendleiter_in*;Der_die Bundesjugendsekretär_in
Silber;Satz C;Welchen Organisationen gehört ein_e Junghelfer_in nach dem Beitritt in die Jugendgruppe an?;Arbeitskreis Jugendarbeit;Bundesanstalt Technisches Hilfswerk*;THW-Jugend e.V.*
Silber;Satz C;Wo sind die Grundrechte der Bürger_innen der Bundesrepublik Deutschland geregelt?;Im Strafgesetzbuch (StGB);Im Grundgesetz (GG)*;Im Grundbuch (GB)
Silber;Satz C;Wie heißt der höchste Berg in Deutschland? ;Wasserkuppe;Brocken;Zugspitze*
Silber;Satz D;Wann wurde das THW gegründet?;1949;1950*;1956
Silber;Satz D;Wer leitet den Ortsverband?;Der_die Leiter_in der Regionalsstelle;Der_die Ortsbeauftragte*;Der_die Zugführer_in
Silber;Satz D;Wer gehört u. a. dem OV-Stab an?;OB, stv. OB, Helfersprecher_in;OB, stv. OB, ZFü;OV-Koch_Köchin, OJB, VwBe*
Silber;Satz D;Welche Organisationsebenen der THW Helfervereine gibt es?;Örtliche THW-Helfervereine*;Landesvereinigungen*;Bundesvereinigung*
Silber;Satz D;Wie sind Erste-Hilfe-Leistungen zu dokumentieren?;Meldeblock bzw. Verbandbuch*;Einsatzsofortmeldung;Nur mündlich gegenüber dem_der OB
Silber;Satz D;Wie muss ich mich im Einsatz bei Hitze verhalten?;Viel trinken*;Pause in der Sonne;Pause im Schatten*
Silber;Satz D;Wie lang ist ein Sicherheitsseil?;15 m;30 m*;35 m
Silber;Satz D;Wohin greifen die Hände beim Besteigen von Leitern?;Um die Sprossen*;Um die Holme;Um die Sprossen oder um die Holme
Silber;Satz D;Mit welchem Betriebsstoff wird der Motor des mobilen Stromerzeugers 8 kVA betrieben?;Kraftstoff/Öl-Gemisch;Diesel;Benzin*
Silber;Satz D;Welche der aufgeführten Werkzeuge sind Holzbearbeitungswerkzeuge?;Zugmesser*;Spitzmeißel;Stangen-Schlangenbohrer*
Silber;Satz D;Wie wird eine Bauklammer in Holz geschlagen?;Durch wechselseitige Schläge über den rechtwinklig abgebogenen Spitzen*;Durch Schläge auf die Mitte des Flach- oder Rundstahls;Durch wechselseitige Schläge auf die Mitte und die rechtwinklig abgebogenen Spitzen
Silber;Satz D;Worauf ist bei der Verwendung von Hämmern zu achten?;Auf festen Sitz von Stiel und Keil*;Der Stiel muss lackiert sein;Das Hammergewicht muss den Vorschriften entsprechen
Silber;Satz D;Wo sind die Scherstifte im Zuggerät eingebaut?;Am Rückzughebel;An den Klemmbacken;Am Vorschubhebel*
Silber;Satz D;Wie weit muss das Hebekissen mit seiner Fläche mindestens unter die Last eingeschoben werden?;2/3 bzw. 3/4 der Kissenfläche*;1/2 bzw. 1/3 der Kissenfläche;1/3 bzw. 4/5 der Kissenfläche
Silber;Satz D;Was ist beim Durchschreiten unbekannter Gewässer als erste Maßnahme durchzuführen?;Übergangsstelle kennzeichnen;Beschaffenheit der Übergangsstelle feststellen (Tiefen loten);Erkundende Helfer_innen sichern*
Silber;Satz D;Was ist bei der Verwendung eines Wasser führenden Schlauches über die Straße zu beachten?;Die Straße ist zu sperren;Schläuche sind immer an der gleichen Stelle zu überqueren;Es sind ausschließlich Schlauchbrücken zu verwenden*
Silber;Satz D;Welche Schutzmaßnahme ist vor dem Betreten von überfluteten Räumen als Erstes zu treffen?;Anlegen von Rettungswesten;Sichern von Treibgut;Sicherstellen, dass die Stromversorgung abgeschaltet wurde*
Silber;Satz D;Was soll bei der Erkundung festgestellt werden?;Ob und wo Menschen in Gefahr sind*;Wie groß der Schadensumfang ist*;Wo und wann ein schnelles Eindringen in die Schadensstelle möglich ist*
Silber;Satz D;Welche Ausstattung dient der Eigensicherung auf Verkehrswegen?;Warnweste*;Warnschilder (dreiseitig, faltbar)*;Leitkegel mit Warnblitzleuchte*
Silber;Satz D;Welche spezielle Schutzausstattung muss der_die Helfer_in zu seiner_ihrer persönlichen Schutzausstattung im Einsatz auf Verkehrswegen anlegen?;Warmer Pullover;Warnweste*;Gehörschutz
Silber;Satz D;Wer darf Medienvertreter_innen gegenüber Aussagen zum Einsatz machen?;Jede_r Helfer_in;Nur der_die Einsatzleiter_in*;Der_die Gruppenführer_in
Silber;Satz D;Was ist beim Retten/Bergen verschütteter Personen zu beachten?;Nachrutschen von Trümmern ist zu verhindern*;Die verletzte Person ist warm zu halten*;"Ein_e Ansprechpartner_in sollte bei der
verletzten Person bleiben*"
Silber;Satz D;"Was bedeutet die Abkürzung ""e.V.""?";Evangelischer Verein;Eingeschränkter Verein;Eingetragener Verein*
Silber;Satz D;Wer steht an der Spitze der Bundesregierung?;Der_die Bundespräsident_in;Der_die Bundeskanzler_in*;Der_die Minister_in für Tourismus
Silber;Satz D;Welcher Fluss fließt nicht durch Deutschland?;Elbe;Weser;Seine*
Silber;Satz E;Welches Gesetz regelt die Mitwirkung der Bundesanstalt THW im erweiterten Katastrophenschutz?;Grundgesetz;Zivilschutz- und Katastrophenhilfegesetz (ZSKG)*;THW-Gesetz*
Silber;Satz E;Welche der nebenstehenden Aufgaben nimmt das THW wahr?;Bau und Instandsetzung von Freileitungen*;Rettung Verschütteter*;Abstützen einsturzgefährdeter Gebäude*
Silber;Satz E;Welche Geräte des Technischen Zuges befinden sich auf dem GKW?;Werkzeugsatz Sprengvorbereitung;Brennschneidgerät*;Benzinhandpumpe
Silber;Satz E;Ab wann kann ein_e Junghelfer_in frühestens die Grundausbildungsprüfung ablegen?;Ab dem 16. Geburtstag*;Ab dem 18. Geburtstag;Mit Eintritt in die Jugendgruppe
Silber;Satz E;Welche persönliche Schutzausstattung hat jede_r Helfer_in immer mitzuführen?;Helm, Sicherheitsstiefel, THW Einsatzhandschuhe, Multifunktionaler Einsatzschutzanzug*;Helm, Multifunktionaler Einsatzschutzanzug, Schutzbrille;Helm, Sicherheitsstiefel, Lederschürze, Multifunktionaler Einsatzschutzanzug
Silber;Satz E;Wie muss ich mich im Einsatz bei Kälte verhalten?;Multifunktionalen Einsatzanzug mit Fleecejacke tragen*;Glühwein trinken;Warme, alkoholfreie Getränke trinken*
Silber;Satz E;Wozu dürfen Sicherheitsseile eingesetzt werden?;Zur Absturzsicherung bei Verwendung eines mitlaufenden Auffanggerätes*;Zum Ablassen und Hochziehen von Personen*;Zum Anschlagen von Lasten
Silber;Satz E;Wie viel Grad Neigung soll der Anstellwinkel von Leitern betragen?;Ca. 45° - 55°;Ca. 65° - 75°*;Ca. 90°
Silber;Satz E;Auf welche Netzspannung sind die Flutlichtleuchten ausgelegt?;12 Volt;24 Volt;230 Volt*
Silber;Satz E;Wozu dient das Zugmesser?;Zum Entrinden*;Zum Entgraten von Metall;Zum Ablängen von Holz
Silber;Satz E;Wie lang muss die Überblattung in Längsrichtung bei einer Holzverbindung sein?;Einfache Höhe (1 x h);Zweifache Höhe (2 x h)*;Halbe Höhe (0,5 x h)
Silber;Satz E;Wie löst man festsitzende Meißel?;Mit dem Stechbeitel;Mit dem Hebe-/Pressgerät, hydraulisch;Durch leichte seitliche Schläge*
Silber;Satz E;"Was ist unter dem Begriff ""Lose Rolle"" zu verstehen?";Querriegel zur Befestigung von Stropps;Kloben (Rolle) an Festpunkt angeschlagen;Kloben (Rolle) an Last angeschlagen*
Silber;Satz E;Welches der genannten Geräte ist kein Zugkraft-Hebezeug?;Brechstange*;Zuggerät;Hydraulischer Spreizer
Silber;Satz E;Welche Druckluftquellen dürfen mit dem Steuerorgan des Hebekissens verbunden werden?;Kfz-Reifenfüllanlage;Kfz-Zweikreisbremssystem*;Druckluftflaschen 200/300 bar*
Silber;Satz E;"Was bedeutet der Begriff ""Oberstrom""?";Oberflächenströmung;In Richtung Quelle bezogene Ortsangabe*;In Richtung Mündung bezogene Ortsangabe
Silber;Satz E;Wie weit soll ein Sandsack nach dem Verschließen gefüllt sein?;Zu ca. 50%;Zu ca. 66%*;Zu ca. 100%
Silber;Satz E;Welche Maßnahmen sind beim Auslaufen unbekannter Flüssigkeiten zu ergreifen?;Flüssigkeit schnellstmöglich aufwischen;Umstehende warnen*;Sofortige Meldung an die zuständige Führungskraft*
Silber;Satz E;Welches Löschmittel darf auf keinen Fall für brennende Öle und Fette verwendet werden?;ABC-Pulverlöscher;Wasser*;Kohlendioxidlöscher
Silber;Satz E;Welche Aufgaben darf das THW eigenständig im Straßenverkehr wahrnehmen?;Eigensicherung und Absicherung der Unfallstelle*;Verkehrskontrollen;Geschwindigkeitsmessung
Silber;Satz E;Was ist mit einem_einer Helfer_in zu tun, der_die infolge des Dienstgeschehens akute Belastungsreaktionen zeigt?;Er_sie ist auf die Versorgungsangebote der Einsatznachsorge hinzuweisen. / Unterstützung ist zu veranlassen.*;Man sollte ihn_sie alleine lassen;Alle Helfer_innen der Gruppe informieren
Silber;Satz E;Wann wurde die THW-Jugend e.V. gegründet?;1994;1984*;1953
Silber;Satz E;Wie viele Landesjugenden gibt es?;8;16;13*
Silber;Satz E;Wer wählt den_die Bundespräsident_in?;Alle Bürger_innen;Die Bundesversammlung*;Der Bundestag
Silber;Satz E;Welche Länder grenzen an die Bundesrepublik?;Dänemark*;Luxemburg*;Spanien
Gold;Satz A;Wo sind die Pflichten und Rechte des Helfers festgelegt? ;Grundgesetz;THW-Gesetz*;THW-Mitwirkungsrichtlinie*
Gold;Satz A;Welches sind taktische (Teil-) Einheiten im THW?;Der Technische Zug*;Die Fachgruppe*;Der Regionalbereich
Gold;Satz A;Wer ist zu allgemeinen Hilfeleistungen verpflichtet?;Ausschließlich die Feuerwehren;Alle*;Ausschließlich ausgebildete Helfer_innen
Gold;Satz A;Was sind Bestandteile der THW Fachbefähigung?;Bereichsausbildung*;Auslandsausbildung*;Führungsausbildung*
Gold;Satz A;Was muss der_die Helfer_in bei der Anfahrt zur Unterkunft beachten?;Der_die Helfer_in hat keine Sonderrechte*;Es gilt die Straßenverkehrsordnung*;Hupe und Warnblinkanlage betätigen
Gold;Satz A;Welche persönliche Schutzausstattung hat jede_r Helfer_in immer mitzuführen?;Helm, Sicherheitsstiefel, THW Einsatzhandschuhe, Multifunktionaler Einsatzschutzanzug*;Helm, Multifunktionaler Einsatzschutzanzug, Schutzbrille;Helm, Sicherheitsstiefel, Lederschürze, Multifunktionaler Einsatzschutzanzug
Gold;Satz A;Woran kann ich die Gefährdung, die von einem Gefahrguttransport ausgeht, eindeutig erkennen?;Kennzeichnung an den Verpackungen;Fahrzeugkennzeichnung, mitgeführte Fahrzeugpapiere und Merkblätter*;Durch Befragung des Fahrers_der Fahrerin
Gold;Satz A;Welche Bedeutung hat die obere Nummernkombination auf einer orangefarbenen Kennzeichnung (Warntafel) z. B. an einem LKW?;Nummer zur Kennzeichnung des Gutes (UN-Nummer);Nummer zur Kennzeichnung der Gefahr*;Fahrzeugkennzeichen
Gold;Satz A;Was bedeutet „Prävention“ im Kontext von Arbeitssicherheit und Gesundheitsschutz?;Krebsvorsorge;Verhütung von Unfällen und Krankheiten*;Versicherungsschutz
Gold;Satz A;"Was bedeutet die ""GAMS-Regel""? ";Leiter_in der Regionalstelle informieren, Ausfahrt melden, Mitfahrende einweisen, schnell zum Einsatzort;Gefährdungsbeurteilung durchführen, Absuchen der Randtrümmer, Menschenrettung vorbereiten, Sanitätsdienst anfordern;Gefahren erkennen, Absperrren, Menschenrettung, Spezialkräfte anfordern*
Gold;Satz A;Worauf ist zu achten, wenn Leinen und Seile über Kanten geführt werden müssen?;Auf Gleitschutz;Auf Kantenschutz*;Auf Leinen-/Seilschutz
Gold;Satz A;Wohin greifen die Hände beim Besteigen von Leitern?;Um die Sprossen;Um die Holme*;Um die Sprossen oder um die Holme
Gold;Satz A;Dürfen an einem tragbaren Stromerzeuger 8 kVA eine Tauchpumpe mit 4 kW und eine mit 3 kW gleichzeitig betrieben werden?;Ja;Nein*;Für maximal 10 Minuten
Gold;Satz A;Was ist beim Rückbau einer Flutlichtleuchte mit Stativ zu beachten?;Leuchtmittel muss abkühlen*;Spannungsfreiheit herstellen*;"Sicherungsautomat auf Stellung ""AUS"" stellen"
Gold;Satz A;Wie groß darf die maximale Länge einer Leitung an tragbaren Stromerzeugern sein?;200 m;300 m;100 m*
Gold;Satz A;Wozu dient das Zugmesser?;Zum Entrinden;Zum Entgraten von Metall*;Zum Ablängen von Holz
Gold;Satz A;Worauf musst du beim Umgang mit Holzbearbeitungsgeräten achten?;Auf festen Sitz der Stiele*;Auf ausreichende Schneidfähigkeit*;Auf ausreichenden Sicherheitsabstand zum zur nächsten Helfer_in*
Gold;Satz A;Wie lang muss die Überblattung in Längsrichtung bei einer Holzverbindung sein?;Einfache Höhe (1 x h);Zweifache Höhe (2 x h);Halbe Höhe (0,5 x h)
Gold;Satz A;Welche zusätzliche Schutzausrüstung ist (neben dem Handschutz) beim Arbeiten mit Fäustel und Meißel unbedingt zu tragen?;Schweißbrille;Schutzbrille;Lederschürze
Gold;Satz A;"Welche Gefahr entsteht durch einen ""Bart"" am Meißelkopf?";Abrutschen des Hammers;Verletzungen durch Absplittern des Bartes*;Bruch des Meißels
Gold;Satz A;Wann ist der Trenn- /Schleifscheibenschutz richtig eingestellt?;Wenn die Werkstoffpartikel von Benutzer_in und Gerät weggelenkt werden*;Wenn der Trenn-/Schleifscheibenschutz mit der Öffnung nach oben zeigt;Wenn der Trenn-/Schleifscheibenschutz mit der Öffnung nach unten zeigt
Gold;Satz A;Welches Material darf als „Hebeldrehpunkt“ bei der Verwendung der Brechstange nicht verwendet werden?;Ziegelsteine;Hohlblocksteine*;Holz
Gold;Satz A;Welches der genannten Geräte ist kein Zugkraft-Hebezeug?;Brechstange*;Zuggerät;Hydraulischer Spreizer
Gold;Satz A;Was ist nach dem Abscheren der Scherstifte beim Zuggerät zu tun?;Das Gerät kann nicht repariert werden;Die Scherstifte sind auszutauschen*;Das Gerät an den Hersteller einschicken
Gold;Satz A;Was ist bei Verwendung einer Druckluftanlage zum Betrieb der Hebekissen zu beachten?;Es muss ein Ölabscheider verwendet werden;Bei Betriebsdruck über 12 bar ist ein Druckminderer zu verwenden*;Druckluftanlagen über 12 bar dürfen nicht verwendet werden
Gold;Satz A;"Was bedeutet der Begriff ""Oberstrom""?";Oberflächenströmung;In Richtung Quelle bezogene Ortsangabe*;In Richtung Mündung bezogene Ortsangabe
Gold;Satz A;Wozu wird eine Quellkade eingesetz?;Zur Deicherhöhung;Zum Verfüllen von Deichschäden;Zum Stoppen der Erosion durch Sickerwasser*
Gold;Satz A;Welche Maßnahmen sind beim Auslaufen unbekannter Flüssigkeiten zu ergreifen?;Flüssigkeit schnellstmöglich aufwischen;Umstehende warnen*;Sofortige Meldung an die zuständige Führungskraft*
Gold;Satz A;Was ist im Einsatz bei der Verpflegung unbedingt zu beachten?;Vor dem Essen Hände waschen*;Selbst mitgebrachtes Essen darf nicht verzehrt werden;Essen und Trinken nur in dafür ausgewiesenen Bereichen*
Gold;Satz A;Was ist beim Einsatz im ungesicherten Verkehrsraum zu beachten?;Warnweste tragen*;Einsatzstelle nach Weisung absichern*;Auf den fließenden Verkehr achten*
Gold;Satz A;Welche Aufgaben darf das THW eigenständig im Straßenverkehr wahrnehmen?;Eigensicherung und Absicherung der Unfallstelle*;Verkehrskontrollen;Geschwindigkeitsmessung
Gold;Satz A;Welche spezielle Schutzausstattung muss beim Einsatz auf Verkehrswegen im Bereich getragen werden?;Warmer Pullover;Warnweste*;Gehörschutz
Gold;Satz A;Wozu dient ein Bereitstellungsraum?;Zur Unterbringung nicht einsatzbefähigter Helfer_innen;Sammelpunkt von Einheiten*;Bereich für Medienvertreter_innen
Gold;Satz A;Was sind typische Stressreaktionen? ;Schweißausbrüche, Tunnelblick, Wut*;Hysterie, Angst, Konzentrationsstörungen*;Erbrechen, Gedächtnisausfälle, Überaktivität*
Gold;Satz A;Was gehört unter anderem zu einer Erkundung?;Ständiges Beobachten der Schadenslage und des Umfeldes*;Ständige Meldungen (beispielsweise des Erkundungstrupps) an den die Vorgesetzte_n – Lageänderungen sofort melden*;Befragen von Personen*
Gold;Satz A;Mit welchem der genannten Löschmittel ist ein Metallbrand (z. B. Aluminium, Magnesium) zu löschen?;ABC-Pulverlöscher;Wasser;Trockener Sand*
Gold;Satz A;In welchem Abstand ist bei kleinen Flüssigkeitsbränden der Handfeuerlöscher zur Brandbekämpfung anzusetzen?;Ca. 1,00 m;Ca. 3,00 m*;Ca. 5,00 m
Gold;Satz A;Was ist beim Arbeiten mit der hydraulischen Schere zu beachten?;Gebrauch der persönlichen und zusätzlichen Schutzausstattung*;Keine Personen im Gefahrenbereich*;Gerät nur für vorgesehene Materialien verwenden*
Gold;Satz A;Darf mit einem Funkgerät bei Gewitter gesendet und empfangen werden?;Ja, innerhalb geschlossener Räume;Nein, in keinem Fall;Ja, in dringenden Notfällen inner- und außerhalb geschlossener Räume (kein Übungsverkehr)*
Gold;Satz A;Wo sitzt der EU-Rat?;Brüssel*;Den Haag;Palermo
Gold;Satz B;Wer von den genannten Funktionsträgern ist Unterführer? ;Der_die Zugführer_in;Der_die Gruppenführer_in*;Der_die Truppführer_in*
Gold;Satz B;Wer ist für den Katastrophenschutz an deinem Standort verantwortlich? ;Der_die zuständige Leiter_in der Regionalstelle;Die Katastrophenschutzbehörde*;Der_die Ortsbeauftragte
Gold;Satz B;Zu welcher (Teil-) Einheit gehört der GKW?;Zugtrupp;Bergungsgruppe*;Fachgruppe Sprengen
Gold;Satz B;Welche der nebenstehenden Aufgaben werden von der Fachgruppe Infrastruktur wahrgenommen?;Betrieb von Notbrunnen*;Instandsetzen von Anlagen/Anlagenteilen in der Hausinstallation inkl. Hausanschluss*;Absperrmaßnahmen bei Ver- und Entsorgungsanlagen auf der Ebene Hausanschluss*
Gold;Satz B;Welche Rechtsform kann eine THWHelfervereinigung haben?;Eingetragene Genossenschaft (e.G.);Eingetragener Verein (e.V.);Keine, weil sie ein Teil der BA THW sind
Gold;Satz B;Was sind die Voraussetzungen, um an einem Einsatz teilnehmen zu können?;Bestandene Grundausbildungsprüfung, gültige Erste-Hilfe-Ausbildung;Mitführen eines gültigen Impfpasses, Bescheinigung der Einsatzbereitschaft durch den_die Leiter_in der Regionalstelle;Gesundheitliche Eingangsuntersuchung, gültiger Impfstatus*
Gold;Satz B;Wer ist für die Bereitstellung der Arbeitsschutzkleidung verantwortlich?;Jede_r Helfer_in selbst;Das THW*;Die Fachgruppe Logistik
Gold;Satz B;Was versteht man unter Arbeitsschutz?;Fürsorge von Vorgesetzten gegenüber den ihnen unterstellten THW-Angehörigen;Erhaltung und Schutz des Arbeitsplatzes bei längerfristiger Erkrankung eines THW-Angehörigen;Selbstfürsorge der THW-Angehörigen im Rahmen ihrer Mitwirkungspflicht*
Gold;Satz B;Wer ist für die Gefährdungsbeurteilung im Ortsverband verantwortlich?;Die Fachkraft für Arbeitssicherheit;Der_die Ortsbeauftragte*;Der_die Schirrmeister_in
Gold;Satz B;Welche Leinen/Seile dürfen zum Sichern von Personen verwendet werden?;Sicherheitsseile*;Arbeitsleinen;Jede Naturfaserleine
Gold;Satz B;Wie groß muss der Sicherheitsabstand bei unter Zug stehenden Drahtseilen mindestens sein?;Halbe Seillänge;Eineinhalbfache Seillänge*;Zweifache Seillänge
Gold;Satz B;Wie viel Grad Neigung soll der Anstellwinkel von Leitern betragen?;Ca. 45° - 55°;Ca. 65° - 75°;Ca. 90°
Gold;Satz B;Auf welche Netzspannung sind die Flutlichtleuchten ausgelegt?;12 Volt;24 Volt;230 Volt
Gold;Satz B;Mit welchem Betriebsstoff wird der Motor des tragbaren Stromerzeugers 8 kVA betrieben?;Kraftstoff-/Öl-Gemisch;Diesel;Benzin*
Gold;Satz B;Was ist beim Aufbau einer Flutlichtleuchte mit Stativ zu beachten?;Möglichst blendfrei aufstellen*;Sicheren Stand des Stativs herstellen*;Leitung stolperfrei verlegen*
Gold;Satz B;Wie lang soll die Spitze eines Holzpfahles sein?;Ca. einfacher Durchmesser des Pfahles;Ca. zweifacher Durchmesser des Pfahles*;Ca. dreifacher Durchmesser des Pfahles
Gold;Satz B;Wie wird eine Bauklammer in Holz geschlagen?;Durch wechselseitige Schläge über den rechtwinklig abgebogenen Spitzen*;Durch Schläge auf die Mitte des Flach- oder Rundstahls;Durch wechselseitige Schläge auf die Mitte und die rechtwinklig abgebogenen Spitzen
Gold;Satz B;Worauf ist bei der Verwendung von Hämmern zu achten?;Auf festen Sitz von Stiel und Keil*;Der Stiel muss lackiert sein;Das Hammergewicht muss den Vorschriften entsprechen
Gold;Satz B;Wie löst man festsitzende Meißel?;Mit dem Stechbeitel;Mit dem Hebe-/Pressgerät, hydraulisch;Durch leichte seitliche Schläge*
Gold;Satz B;Welches Werkzeug kann zum Durchtrennen eines Gussrohres verwendet werden?;Trennschleifer*;Motorkettensäge;Bügelsäge
Gold;Satz B;Welche Schutzausstattung muss beim Gebrauch des Trennschleifers (neben dem Handschutz) unbedingt getragen werden?;Lederschürze, Gürtel;Gummistiefel, Schnittschutzhose;Schutzbrille, Schutzhelm, Lederschürze, Gehörschutz*
Gold;Satz B;Was ist beim Anheben von Lasten zu beachten?;Seilhaken nach dem Anschlagen der Last sichern*;Mit den Händen nicht unter die Last greifen*;Ständiges Beobachten der anzuhebenden Last*
Gold;Satz B;Über welche Druck-, Kraft-, Hebezeuge verfügt die Bergungsgruppe?;Brechstange*;Hebe-/Pressgerät, hydraulisch*;Hebekissen*
Gold;Satz B;Wie weit muss das Hebekissen mit seiner Fläche mindestens unter die Last eingeschoben werden?;2/3 bzw. 3/4 der Kissenfläche*;1/2 bzw. 1/3 der Kissenfläche;1/3 bzw. 4/5 der Kissenfläche
Gold;Satz B;Welche Sicherheitsmaßnahmen sind beim Arbeiten mit Hebekissen zu ergreifen?;Last gegen Wegrutschen sichern*;Last bei fortschreitendem Hub laufend unterbauen*;Hebekissen nicht an scharfen Kanten ansetzen*
Gold;Satz B;Was ist beim Durchschreiten unbekannter Gewässer als erste Maßnahme durchzuführen?;Übergangsstelle kennzeichnen;Beschaffenheit der Übergangsstelle feststellen (Tiefen loten);Erkundende Helfer_innen sichern
Gold;Satz B;Wie sind an besonders gefährdeten Einsatzpunkten am Wasser eingesetzte Helfer_innen zu sichern?;Nur mit Sicherheitsseil;Nur mit Rettungsweste;Mit Sicherungsseil und THW-Rettungsweste*
Gold;Satz B;Was ist sofort zu tun, wenn ausströmendes Gas vermutet wird?;Windrichtung beachten*;Gaskonzentration messen;Meldung an die Führungskraft*
Gold;Satz B;Wie hast du dich als Helfer_in vor, während und nach der Fahrt mit Einsatzfahrzeugen zu verhalten?;Helm nicht in der Hand halten*;Bei Halt des Einsatzfahrzeuges dieses sofort verlassen;Auf- und Absitzen nur auf Anweisung*
Gold;Satz B;Warum besteht an der Einsatzstelle Rauch- und Alkoholverbot? ;Es besteht kein solches Verbot;Erhöhte Selbstgefährdung*;Die Einsatzfähigkeit wird verringert*
Gold;Satz B;Wozu gehört die Abkürzung 5A B C D 5E?;Gefahrstoffkennung nach GHS;Gefahrenmerkschema THW*;Koordinatenangabe im THW
Gold;Satz B;Wer muss über die Gefahren, die aus einem Einsatz entstehen können, informiert sein?;Nur der_die Auftraggeber_in;Nur der_die Einheitsführer_in;Alle Einsatzbeteiligten*
Gold;Satz B;Wer darf Medienvertreter_innen gegenüber Aussagen zum Einsatz machen?;Jede_r Helfer_in;Nur der_die Einsatzleiter_in*;Der_die Gruppenführer_in
Gold;Satz B;Wen unterstützt das ENT?;Ehrenamtliche und hauptamtliche THW-Kräfte*;Nur ehrenamtliche THW-Einsatzkräfte;Nur hauptamtliche THW-Kräfte
Gold;Satz B;Wie können verletzte Personen transportiert werden?;Mit der Krankentrage*;Mit behelfsmäßigen Tragen*;Mit zwei Einsatzkräften auch ohne Hilfsmittel*
Gold;Satz B;Was sind die 5 Phasen der Rettung/Bergung?;Schauen - Sondieren - Selektieren - Verteilen - Retten;Erkunden - Absuchen - Durchforschen - Eindringen - Beräumen*;Erkennen - Bewerten - Entscheiden - Handeln - Evaluieren
Gold;Satz B;Aus welcher Richtung sollen allgemein Brände bekämpft werden?;Mit der Windrichtung;Entgegen der Windrichtung*;Von links nach rechts
Gold;Satz B;Was ist vor der Inbetriebnahme des hydraulischen Rettungssatzes zu überprüfen?;Ölstand auf Maximum*;Kraftstoffbehälter gefüllt*;Höchstdruckschläuche knick- und drallfrei ausgelegt*
Gold;Satz B;Welche Funkstelle ist Funkleitung in einem Sprechfunkverkehrskreis?;Zivilschutzleitstelle;Betriebsleitung;Relaisstelle*
Gold;Satz B;"Seit wann wird der ""Euro"" als Bargeld eingesetzt?";01.01.2002*;31.12.2001;01.01.2000
Gold;Satz C;Welche Aus- und Fortbildungsstufen gibt es im THW? ;Ortsverband, Landesverband und Leitung;Ausbildungszentrum und Standort;Grund-, Fach- und Weiterbefähigung*
Gold;Satz C;Welche Pflichten entstehen für dich durch die Mitwirkung im THW als Helfer_in?;Regelmäßige Teilnahme an Dienstveranstaltungen*;Teilnahme an Ausbildungsmaßnahmen*;Teilnahme an Übungen und Einsätzen*
Gold;Satz C;Welche der nebenstehenden Aufgaben nimmt das THW wahr?;Bau und Instandsetzung von Freileitungen*;Rettung Verschütteter*;Abstützen einsturzgefährdeter Gebäude*
Gold;Satz C;Welche Aufgaben hat der Zugtrupp?;Zugführung und andere Führungsaufgaben*;Verkehrskontrolle durchführen;Lotsenstellen einrichten*
Gold;Satz C;Wem muss ich als Helfer_in meine Mitwirkung im THW mitteilen?;Arbeitgeber_in*;Einwohnermeldeamt;Arbeitsagentur bzw. Jobcenter der Stadt/des Kreises im Falle einer Arbeitslosigkeit*
Gold;Satz C;Wie werden kennzeichnungspflichtige Gefahrguttransporte unter anderem gekennzeichnet?;Orange Warntafel*;Gar nicht;Rote Flagge
Gold;Satz C;Welche Bedeutung hat die untere Nummernkombination auf einer orangefarbenen Kennzeichnung (Warntafel) z. B. an einem LKW?;Nummer zur Kennzeichnung des Gutes (UN-Nummer);Nummer zur Kennzeichnung der Gefahr;Fahrzeugkennzeichen
Gold;Satz C;Wo kann ich Informationen über einen Gefahrstoff erhalten?;Sicherheitsdatenblatt;In der StAN;Auf dem Etikett der Verpackung*
Gold;Satz C;Wie groß sind bei Gefahrstoffunfällen im Regelfall die Radien von Gefahren- und Absperrbereich um das Schadenobjekt?;20 m und 30 m;5 m und nach Bedarf;50 m, 300 m und 500 m*
Gold;Satz C;Wozu dürfen Arbeitsleinen eingesetzt werden?;Zur Absturzsicherung;Zum Ablassen und Hochziehen von Personen;Zum Absperrren oder Anschlagen von Lasten*
Gold;Satz C;Mit welcher Verbindung werden Leinen gleichen Durchmessers verlängert?;Wickelbund;Mastwurf;Doppelstich*
Gold;Satz C;Welche Arten von Leitersicherungen können angewandt werden?;Nur Fußpunktsicherung;Nur Kopfpunktsicherung;Fuß- und/oder Kopfpunktsicherung*
Gold;Satz C;Mit welcher Leistung darf der tragbare Stromerzeuger in der Regel maximal belastet werden?;100 % der Nennleistung;80 % der Nennleistung*;30 % der Nennleistung
Gold;Satz C;In welcher Stellung muss der Choke bei Inbetriebnahme des kalten Motors des tragbaren Stromerzeugers ohne Startautomatik stehen?;Herausgezogen (geschlossen);Eingeschoben (offen);Mittelstellung
Gold;Satz C;Wie wird der Motor des tragbaren Stromerzeugers stillgesetzt (für kurzzeitige Außerbetriebnahme)?;Zündkabel abziehen;Luftklappe schließen;Unterbrecherknopf betätigen
Gold;Satz C;Welche der aufgeführten Werkzeuge sind Holzbearbeitungswerkzeuge?;Zugmesser*;Spitzmeißel;Stangen-Schlangenbohrer*
Gold;Satz C;Welche Handschuhe dürfen auf keinen Fall bei der Steinbearbeitung getragen werden?;Hitzeschutzhandschuhe;Gummihandschuhe;Lederschutzhandschuhe (Stulpe) oder Einsatzhandschuhe
Gold;Satz C;Welche Handschuhe dürfen auf keinen Fall bei der Steinbearbeitung getragen werden?;Hitzeschutzhandschuhe;Gummihandschuhe;Lederschutzhandschuhe (Stulpe) oder Einsatzhandschuhe
Gold;Satz C;Was ist beim Standortwechsel mit dem Elektro-Trennschleifer zu beachten?;Finger nicht am Ein-/Ausschalter halten;Vorher Trennscheibe ausbauen;Gerät ausschalten
Gold;Satz C;Mit welcher Umdrehungszahl der Trennscheibe sind Trennschleifer an das Werkstück anzusetzen?;Bei Stillstand;Bei Anlaufdrehzahl;Bei Höchstdrehzahl*
Gold;Satz C;Mit welcher Trennscheibe darf Aluminium durchtrennt werden?;Kunstharztrennscheibe Metall*;Kunstharztrennscheibe Asphalt;Kunstharztrennscheibe Stein
Gold;Satz C;An welchem Druck-, Kraft-, Hebezeug kann ein Schnellstopp durchgeführt werden?;Am Hebekissen;Am Zuggerät;Am Hebe-/Pressgerät, hydraulisch*
Gold;Satz C;An welchem Gerät befinden sich Höchstdruckschläuche?;Am Brennschneidgerät;Am Hebe-/Pressgerät, hydraulisch;Am Rettungsgerätesatz Schere/Spreizer*
Gold;Satz C;Wo sind die Scherstifte im Zuggerät eingebaut?;Am Rückzughebel;An den Klemmbacken;Am Vorschubhebel*
Gold;Satz C;Wie viele Personen dürfen gleichzeitig unter einer schwebenden Last stehen?;Eine Person;Nur Führungskräfte;Keine Personen*
Gold;Satz C;Zwei Helfer_innen haben den Auftrag, ein langes Rohr quer durch ein unbekanntes fließendes Gewässer zu tragen. Wie ist die Last zu tragen?;Das Tragen von Lasten durch unbekanntes fließendes Gewässer ist verboten;Nach Oberstrom;Nach Unterstrom*
Gold;Satz C;Welche Schutzmaßnahme ist vor dem Betreten von überfluteten Räumen als Erstes zu treffen?;Anlegen von Rettungswesten;Sichern von Treibgut;Sicherstellen, dass die Stromversorgung abgeschaltet wurde*
Gold;Satz C;Mit welchen Gefahren muss beim Einstieg in Tanks, Silos, Gruben oder Schächte gerechnet werden?;Explosionsgefahr durch Gase*;Gefahr durch Atemgifte*;Gefahr durch Absturz*
Gold;Satz C;Was soll bei der Erkundung festgestellt werden? ;Ob und wo Menschen in Gefahr sind*;Wie groß der Schadensumfang ist*;Wo und wann ein schnelles Eindringen in die Schadensstelle möglich ist*
Gold;Satz C;Welche Ausstattung dient der Eigensicherung auf Verkehrswegen?;Warnweste*;Warnschilder (dreiseitig, faltbar);Leitkegel mit Warnblitzleuchte
Gold;Satz C;Was ist beim Einsatz auf Bahnanlagen zu beachten?;Arbeiten auf Bahnanlagen dürfen erst nach Absprache mit dem Bahnpersonal durchgeführt werden*;Auf die stromführenden Leitungen achten*;Den Weisungen des Bahnpersonals ist Folge zu leisten*
Gold;Satz C;Welches Löschmittel darf auf keinen Fall für brennende Öle und Fette verwendet werden?;ABC-Pulverlöscher;Wasser*;Kohlendioxidlöscher
Gold;Satz C;Stressbelastungsreaktionen sind…;... eine krankhafte Reaktion des Körpers;... eine normale Reaktion auf ein außergewöhnliches Ereignis*;... eine außergewöhnliche Reaktion auf ein normales Ereignis
Gold;Satz C;Wer kann zu erfolgreichem Stressmanagement beitragen?;Ich selbst*;Meine Führungskraft*;Das ENT*
Gold;Satz C;In welcher Reihenfolge werden die nachfolgenden Aufgaben im Einsatz abgearbeitet?;1. Sachgüter - 2. Menschenleben - 3. Tiere;1. Menschenleben - 2. Sachgüter - 3. Tiere;1. Menschenleben - 2. Tiere - 3. Sachgüter*
Gold;Satz C;Was ist beim Retten/Bergen verschütteter Personen zu beachten?;Nachrutschen von Trümmern ist zu verhindern*;Die verletzte Person ist warm zu halten*;Ein_e Ansprechpartner_in sollte bei der verletzten Person bleiben*
Gold;Satz C;Welche Bedeutung haben die Brandklassen bei Feuerlöschern?;Sie sagen etwas über die Einsatzmöglichkeiten aus*;Sie sagen etwas über den Inhalt aus;Sie kennzeichnen die Verwendungsdauer
Gold;Satz C;Was verbirgt sich hinter der Kennzeichnung eines Handfeuerlöschers für die Brandklasse A?;Hiermit können feste oder glutbildende Stoffe gelöscht werden*;Hiermit können gasförmige Stoffe gelöscht werden;Hiermit können flüssige Stoffe gelöscht werden.
Gold;Satz C;Welches Kennwort als Funkrufnamenbestandteil haben Funkanlagen im 2-m-Band/BOS beim Technischen Hilfswerk?;Äskulap;Heros*;Florentine
Gold;Satz C;Ein_e Junghelfer_in, 13 Jahre, möchte am Abend um 23.00 Uhr alleine in die Spätvorstellung im Kino. Ist dies erlaubt?;Nein*;Ja;Abhängig von der Jahreszeit
Gold;Satz D;Wer von den genannten Funktionsträgern_innen ist Mitglied im Ortsausschuss?;Der_die Ortsbeauftragte*;Der_die Helfersprecher_in*;Der_die Sicherheitsbeauftragte 
Gold;Satz D;Wer entscheidet über den Aufnahmeantrag zur Mitwirkung im THW? ;Der_die Ortsbeauftragte*;Der_die Leiter_in der Regionalsstelle;Der_die Bürgermeister_in 
Gold;Satz D;Mit welchen Maßnahmen musst du rechnen, wenn du gegen die Dienstpflichten im THW verstößt?;Ermahnung*;Keine Maßnahmen;Entlassung*
Gold;Satz D;Welche Fachgruppen gibt es im THW?;Betreuung;Trinkwasserversorgung*;Räumen*
Gold;Satz D;Zu welcher (Teil-) Einheit des Technischen Zuges gehört der MTW?;Zugtrupp*;Bergungsgruppe;Fachgruppe Wassergefahren
Gold;Satz D;Wie muss der Multifunktionale Einsatzschutzanzug des THW gepflegt werden?;95° C Kochwäsche;Laut Pflegeanleitung des Herstellers*;Grundsätzlich mit Kernseife
Gold;Satz D;Wofür steht die Abkürzung CBRN? ;Chemisch, biogen, radioaktiv, nuklear;Chemisch, bioaktiv, radiologisch, natürlich;Chemisch, biologisch, radiologisch, nuklear*
Gold;Satz D;Wie oft ist in der Dienststelle eine Evakuierungsübung durchzuführen?;Bei Bedarf;Mindestens einmal jährlich*;"Nach jedem Wechsel eines_einer
Ortsbeauftragten"
Gold;Satz D;Wovon können biologische Gefahren ausgehen?;Bakterien, Viren, Pilze, Algen*;Toxine, z. B. Ricin, Botulinumtoxin, usw.*;Flöhe, Fliegen, Mücken, Zecken, usw*
Gold;Satz D;Wie lang ist eine Arbeitsleine (nach StAN)?;6,5 m/15,0 m;12,0 m/25,0 m;10,0 m/20,0 m*
Gold;Satz D;Woran ist ein Sicherheitsseil eindeutig zu erkennen?;"An der Farbe ""Grün""";An den Angaben des Herstelleretikettes*;Am Durchmesser
Gold;Satz D;Wozu dürfen THW-Kombinationsleitern eingesetzt werden?;Zum Überwinden von Gräben;Zum längerfristigen Arbeiten in großen Höhen;Zum Besteigen von Objekten*
Gold;Satz D;Dürfen Steckleitern zum Überwinden von Gräben und Spalten eingesetzt werden?;Ja*;Nein;Nur kurzfristig
Gold;Satz D;Wie wird der tragbare Stromerzeuger gestartet?;Durch Seilzug*;Durch Anlasser*;Durch Fremdstarten
Gold;Satz D;Was ist beim Nachtanken eines tragbaren Stromerzeugers (ohne Fremdbetankungsgerät) zu beachten?;Motor muss abgestellt sein*;Motor kann laufen;Benzinhahn muss geschlossen sein*
Gold;Satz D;An welchem Ende eines Holzpfahles erfolgt das Anspitzen?;Am Zopfende*;Am Stammende;Am Stamm- oder Zopfende
Gold;Satz D;Welche Werkzeuge können zum Anfertigen eines Mauerdurchbruchs von Hand benutzt werden?;Klöpfel und Stechbeitel;Fäustel und Flach- oder Spitzsteinmeißel*;Stangen-Schlangenbohrer
Gold;Satz D;Welche Härte muss der Werkstoff eines Werkzeuges für Metallbearbeitung gegenüber dem zu bearbeitenden Werkstoff besitzen?;Härter*;Gleich hart;Weicher
Gold;Satz D;Mit welchem Werkzeug werden Blechkanten und Rohre entgratet?;Mit der Feile*;Mit dem Meißel;Mit der Handblechschere
Gold;Satz D;"Was ist unter dem Begriff ""Lose Rolle"" zu verstehen?";Querriegel zur Befestigung von Stropps;Kloben (Rolle) an Festpunkt angeschlagen;Kloben (Rolle) an Last angeschlagen*
Gold;Satz D;Welche Zugkraft hat das Zuggerät der Bergungsgruppe im direkten Zug?;15/16 kN*;20/25 kN;60/70 kN
Gold;Satz D;Bei welcher Überbelastung scheren die Scherstifte des Zuggerätes ab?;0 - 10 %;25 - 50 %;100%
Gold;Satz D;Wofür darf der Klappkloben (32 kN) aus der Bergungsgruppe verwendet werden?;Arbeiten mit der Seilwinde*;Anheben von Lasten bis 32 kN*;Arbeiten mit dem Zuggerät*
Gold;Satz D;Wie viele Hebekissen des Hebekissensatzes der Bergungsgruppe dürfen beim Anheben einer Last übereinander gelegt werden?;2 Hebekissen*;4 Hebekissen;Beliebig viele
Gold;Satz D;Welche Druckluftquellen dürfen mit dem Steuerorgan des Hebekissens verbunden werden?;Kfz-Reifenfüllanlage*;Kfz-Zweikreisbremssystem*;Druckluftflaschen 200/300 bar*
Gold;Satz D;"Was ist ausschlaggebend für die Bezeichnung ""linkes Ufer"" und ""rechtes Ufer""?";Die Stromrichtung*;Der eigene Standort;Die Himmelsrichtung
Gold;Satz D;Was ist bei der Verwendung eines Wasser führenden Schlauches über die Straße zu beachten?;Die Straße ist zu sperren;Schläuche sind immer an der gleichen Stelle zu überqueren;"Es sind ausschließlich Schlauchbrücken zu
verwenden*"
Gold;Satz D;Welcher Mindestabstand ist vom Punkt der Bodenberührung einer abgerissenen Hochspannungsleitung zu halten?;15,00 m;20,00 m*;3,00 m
Gold;Satz D;Wer ist verpflichtet zu melden?;Nur der_die Zugführer_in;Nur der_die Gruppenführer_in;Jede Einsatzkraft*
Gold;Satz D;Zu welcher Brandklasse gehören flüssige oder flüssig werdende Stoffe?;Brandklasse C;Brandklasse B;Brandklasse D
Gold;Satz D;Wer kann mir im Einsatz einen Befehl erteilen?;Der_die Polizist_in;Mein_e direkte_r Vorgesetzte_r*;Der_die Leiter_in der Regionalsstelle
Gold;Satz D;Was ist mit einem_einer Helfer_in zu tun, der_die infolge des Dienstgeschehens akute Belastungsreaktionen zeigt?;Er_sie ist auf die Versorgungsangebote der Einsatznachsorge hinzuweisen. Unterstützung, wie z. B. das Anbieten eines Einsatznachsorgegespräches, ist zu veranlassen.*;"Man sollte ihn_sie alleine mit seinen_ihren
möglichen Problemen lassen ";Alle Helfer_innen der Gruppe informieren 
Gold;Satz D;Wann muss ich meine Dienstunfähigkeit melden?;Wenn ich Drogen oder Alkohol konsumiert habe*;Wenn ich Medikamente eingenommen habe, die mich in meiner Wahrnehmung und/oder Handlungsfähigkeit einschränken könnten.*;"Wenn eine Arbeitsunfähigkeit durch einen
Arzt_eine Ärztin attestiert wurde"
Gold;Satz D;Wer darf eine_n Helfer_in in den Einsatz entsenden?;Der_die Ortsbeauftragte*;Der_die Helfer_in selbst;Der_die Landessprecher_in
Gold;Satz D;Worauf ist bei der Außerbetriebnahme des hydraulische Spreizers zu achten?;Spreizarme dürfen nicht ganz geschlossen sein*;Spreizarme müssen ganz geschlossen sein;Spreizarme sind abzumontieren
Gold;Satz D;Welche Schutzausstattung muss beim Arbeiten mit dem hydraulischen Rettungssatz getragen werden?;Schutzhelm mit Vollgesichtsschutz*;Lederschutzhandschuhe (Stulpe lang)*;Vollständige Einsatzbekleidung*
Gold;Satz D;Wozu kann der hydraulische Spreizer verwendet werden?;Als Zuggerät (mit den dazugehörigen Ketten)*;Zum Quetschen von Rohren*;Zum kurzzeitigen Anheben von Lasten*
Gold;Satz D;An welcher übergeordneten Funkstelle meldet man sich im Sprechfunkverkehr an?;Betriebsleitung (Leitstelle)*;Zivilschutzstelle;Leitstelle der Polizei
Gold;Satz D;Wer wählt den_die Ortsjugendleiter_in?;Alle Helfer_innen im Ortsverband;Der OV-Stab;Alle aktiven Mitglieder der Ortsjugend*
Gold;Satz D;Wo sitzt das EU-Parlament?;Brüssel;Schengen;Straßburg*
Orange;Satz A;Zeige den GKW. ;Bild GKW*;Bild Radlader;Bild MTW
Orange;Satz A;Zeige den Doppelstich ;Bild Doppelstich*;Bild Mastwurf;Bild Bockschnürbund
Orange;Satz A;Zeige die deutsche Flagge;Bild deutsche Flagge*;Bild belgische Flagge;Bild Schweizer Flagge
Orange;Satz A;Finde den Feuerlöscher;Bild KübelSpritze;Bild Feuerlöscher*;Bild Gießkanne
Orange;Satz A;Zeige auf die Farben des Leistungsabzeichens;Bilder Blau,Orange,Bronze,Silber, Gold*;Bild Farben;Bild Farben
Orange;Satz B ;Was brauchst du beim Ausleuchten einer Gefahrenstelle?;Bild Flutlichtleuchte*;Bild Schlauch;Bild Schleifkorb
Orange;Satz B;Welches Kennwort als Funkrufnamenbestandteil haben Funkanlagen im 2 m Band/BOS beim Technischen Hilfswerk?;Äskulap;Heros*;Florentine
Orange;Satz B;Zeige die Arbeitsleine;Bild Springseil;Bild Sicherheitsleine;Bild Arbeitsleine*
Orange;Satz B;Lege die Notrufnummer (aus Einzelnummern: 2x1, 2x2, 2x3, 2x5);Zahlenbilder ;Zahlenbilder 112*;ZahlenBilder
Orange;Satz B;Zeige den Notausgang. ;Bild Notausgang*;Bild Helm;Bild Feuerlöscher
